run,revision,sourceHash,operation,size,iterations,samples,medianNanosecondsPerOperation,minimumNanosecondsPerOperation,maximumNanosecondsPerOperation
"2026-10-06T18-02-59.689Z-ebfef294-2cfe-46c4-9530-8ae4a00ee409","615ee5b109cb06ee8600f8373123a2ee9c904001","d2dc047c4950d39cb9a17868b5bbf06222449c3cadf6ddc3911324a9f4314fe6","configuration.valid","8","200","9","104571.455","99137.705","115218.750"
"2026-10-06T18-02-59.689Z-ebfef294-2cfe-46c4-9530-8ae4a00ee409","615ee5b109cb06ee8600f8373123a2ee9c904001","d2dc047c4950d39cb9a17868b5bbf06222449c3cadf6ddc3911324a9f4314fe6","configuration.invalid-reference","8","200","9","103386.455","99314.165","111733.125"
"2026-10-06T18-02-59.689Z-ebfef294-2cfe-46c4-9530-8ae4a00ee409","615ee5b109cb06ee8600f8373123a2ee9c904001","d2dc047c4950d39cb9a17868b5bbf06222449c3cadf6ddc3911324a9f4314fe6","experiment.resolve","8","200","9","320.000","290.000","1301.250"
"2026-10-06T18-02-59.689Z-ebfef294-2cfe-46c4-9530-8ae4a00ee409","615ee5b109cb06ee8600f8373123a2ee9c904001","d2dc047c4950d39cb9a17868b5bbf06222449c3cadf6ddc3911324a9f4314fe6","route.resolve","8","200","9","5857.500","5611.045","6612.085"
"2026-10-06T18-02-59.689Z-ebfef294-2cfe-46c4-9530-8ae4a00ee409","615ee5b109cb06ee8600f8373123a2ee9c904001","d2dc047c4950d39cb9a17868b5bbf06222449c3cadf6ddc3911324a9f4314fe6","result.resolve","8","200","9","6625.210","6064.165","10371.250"
"2026-10-06T18-02-59.689Z-ebfef294-2cfe-46c4-9530-8ae4a00ee409","615ee5b109cb06ee8600f8373123a2ee9c904001","d2dc047c4950d39cb9a17868b5bbf06222449c3cadf6ddc3911324a9f4314fe6","funnel.evaluate","8","200","9","6352.920","6103.545","7372.915"
"2026-10-06T18-02-59.689Z-ebfef294-2cfe-46c4-9530-8ae4a00ee409","615ee5b109cb06ee8600f8373123a2ee9c904001","d2dc047c4950d39cb9a17868b5bbf06222449c3cadf6ddc3911324a9f4314fe6","route.next-tail","8","3000","9","26.611","24.042","56.556"
"2026-10-06T18-02-59.689Z-ebfef294-2cfe-46c4-9530-8ae4a00ee409","615ee5b109cb06ee8600f8373123a2ee9c904001","d2dc047c4950d39cb9a17868b5bbf06222449c3cadf6ddc3911324a9f4314fe6","route.previous-tail","8","3000","9","16.083","15.167","54.375"
"2026-10-06T18-02-59.689Z-ebfef294-2cfe-46c4-9530-8ae4a00ee409","615ee5b109cb06ee8600f8373123a2ee9c904001","d2dc047c4950d39cb9a17868b5bbf06222449c3cadf6ddc3911324a9f4314fe6","configuration.valid","32","200","9","260587.295","250771.875","300688.335"
"2026-10-06T18-02-59.689Z-ebfef294-2cfe-46c4-9530-8ae4a00ee409","615ee5b109cb06ee8600f8373123a2ee9c904001","d2dc047c4950d39cb9a17868b5bbf06222449c3cadf6ddc3911324a9f4314fe6","configuration.invalid-reference","32","200","9","258030.210","250363.750","275136.045"
"2026-10-06T18-02-59.689Z-ebfef294-2cfe-46c4-9530-8ae4a00ee409","615ee5b109cb06ee8600f8373123a2ee9c904001","d2dc047c4950d39cb9a17868b5bbf06222449c3cadf6ddc3911324a9f4314fe6","experiment.resolve","32","200","9","3087.710","3025.000","5613.125"
"2026-10-06T18-02-59.689Z-ebfef294-2cfe-46c4-9530-8ae4a00ee409","615ee5b109cb06ee8600f8373123a2ee9c904001","d2dc047c4950d39cb9a17868b5bbf06222449c3cadf6ddc3911324a9f4314fe6","route.resolve","32","200","9","25512.705","24859.795","31074.375"
"2026-10-06T18-02-59.689Z-ebfef294-2cfe-46c4-9530-8ae4a00ee409","615ee5b109cb06ee8600f8373123a2ee9c904001","d2dc047c4950d39cb9a17868b5bbf06222449c3cadf6ddc3911324a9f4314fe6","result.resolve","32","200","9","26237.915","25500.210","28895.835"
"2026-10-06T18-02-59.689Z-ebfef294-2cfe-46c4-9530-8ae4a00ee409","615ee5b109cb06ee8600f8373123a2ee9c904001","d2dc047c4950d39cb9a17868b5bbf06222449c3cadf6ddc3911324a9f4314fe6","funnel.evaluate","32","200","9","25933.960","25360.205","27683.125"
"2026-10-06T18-02-59.689Z-ebfef294-2cfe-46c4-9530-8ae4a00ee409","615ee5b109cb06ee8600f8373123a2ee9c904001","d2dc047c4950d39cb9a17868b5bbf06222449c3cadf6ddc3911324a9f4314fe6","route.next-tail","32","3000","9","73.555","69.014","193.069"
"2026-10-06T18-02-59.689Z-ebfef294-2cfe-46c4-9530-8ae4a00ee409","615ee5b109cb06ee8600f8373123a2ee9c904001","d2dc047c4950d39cb9a17868b5bbf06222449c3cadf6ddc3911324a9f4314fe6","route.previous-tail","32","3000","9","41.292","40.958","168.750"
"2026-10-06T18-02-59.689Z-ebfef294-2cfe-46c4-9530-8ae4a00ee409","615ee5b109cb06ee8600f8373123a2ee9c904001","d2dc047c4950d39cb9a17868b5bbf06222449c3cadf6ddc3911324a9f4314fe6","configuration.valid","96","200","9","655678.125","646257.710","760947.920"
"2026-10-06T18-02-59.689Z-ebfef294-2cfe-46c4-9530-8ae4a00ee409","615ee5b109cb06ee8600f8373123a2ee9c904001","d2dc047c4950d39cb9a17868b5bbf06222449c3cadf6ddc3911324a9f4314fe6","configuration.invalid-reference","96","200","9","659954.165","652599.375","681432.085"
"2026-10-06T18-02-59.689Z-ebfef294-2cfe-46c4-9530-8ae4a00ee409","615ee5b109cb06ee8600f8373123a2ee9c904001","d2dc047c4950d39cb9a17868b5bbf06222449c3cadf6ddc3911324a9f4314fe6","experiment.resolve","96","200","9","9586.670","9049.585","10952.920"
"2026-10-06T18-02-59.689Z-ebfef294-2cfe-46c4-9530-8ae4a00ee409","615ee5b109cb06ee8600f8373123a2ee9c904001","d2dc047c4950d39cb9a17868b5bbf06222449c3cadf6ddc3911324a9f4314fe6","route.resolve","96","200","9","78646.875","77116.045","82121.045"
"2026-10-06T18-02-59.689Z-ebfef294-2cfe-46c4-9530-8ae4a00ee409","615ee5b109cb06ee8600f8373123a2ee9c904001","d2dc047c4950d39cb9a17868b5bbf06222449c3cadf6ddc3911324a9f4314fe6","result.resolve","96","200","9","78694.375","77411.875","84832.710"
"2026-10-06T18-02-59.689Z-ebfef294-2cfe-46c4-9530-8ae4a00ee409","615ee5b109cb06ee8600f8373123a2ee9c904001","d2dc047c4950d39cb9a17868b5bbf06222449c3cadf6ddc3911324a9f4314fe6","funnel.evaluate","96","200","9","78815.625","77214.165","112438.125"
"2026-10-06T18-02-59.689Z-ebfef294-2cfe-46c4-9530-8ae4a00ee409","615ee5b109cb06ee8600f8373123a2ee9c904001","d2dc047c4950d39cb9a17868b5bbf06222449c3cadf6ddc3911324a9f4314fe6","route.next-tail","96","3000","9","264.764","240.778","532.889"
"2026-10-06T18-02-59.689Z-ebfef294-2cfe-46c4-9530-8ae4a00ee409","615ee5b109cb06ee8600f8373123a2ee9c904001","d2dc047c4950d39cb9a17868b5bbf06222449c3cadf6ddc3911324a9f4314fe6","route.previous-tail","96","3000","9","120.722","119.361","469.347"
"2026-10-06T18-02-59.689Z-ebfef294-2cfe-46c4-9530-8ae4a00ee409","615ee5b109cb06ee8600f8373123a2ee9c904001","d2dc047c4950d39cb9a17868b5bbf06222449c3cadf6ddc3911324a9f4314fe6","answer.single-valid-tail","8","3000","9","635.500","617.792","719.361"
"2026-10-06T18-02-59.689Z-ebfef294-2cfe-46c4-9530-8ae4a00ee409","615ee5b109cb06ee8600f8373123a2ee9c904001","d2dc047c4950d39cb9a17868b5bbf06222449c3cadf6ddc3911324a9f4314fe6","answer.single-invalid","8","3000","9","626.472","619.820","691.153"
"2026-10-06T18-02-59.689Z-ebfef294-2cfe-46c4-9530-8ae4a00ee409","615ee5b109cb06ee8600f8373123a2ee9c904001","d2dc047c4950d39cb9a17868b5bbf06222449c3cadf6ddc3911324a9f4314fe6","answer.multiple-valid","8","3000","9","1027.972","998.347","12306.750"
"2026-10-06T18-02-59.689Z-ebfef294-2cfe-46c4-9530-8ae4a00ee409","615ee5b109cb06ee8600f8373123a2ee9c904001","d2dc047c4950d39cb9a17868b5bbf06222449c3cadf6ddc3911324a9f4314fe6","answer.multiple-invalid","8","3000","9","1067.500","1034.028","3408.486"
"2026-10-06T18-02-59.689Z-ebfef294-2cfe-46c4-9530-8ae4a00ee409","615ee5b109cb06ee8600f8373123a2ee9c904001","d2dc047c4950d39cb9a17868b5bbf06222449c3cadf6ddc3911324a9f4314fe6","answer.single-valid-tail","32","3000","9","690.792","664.097","957.861"
"2026-10-06T18-02-59.689Z-ebfef294-2cfe-46c4-9530-8ae4a00ee409","615ee5b109cb06ee8600f8373123a2ee9c904001","d2dc047c4950d39cb9a17868b5bbf06222449c3cadf6ddc3911324a9f4314fe6","answer.single-invalid","32","3000","9","648.764","642.597","758.528"
"2026-10-06T18-02-59.689Z-ebfef294-2cfe-46c4-9530-8ae4a00ee409","615ee5b109cb06ee8600f8373123a2ee9c904001","d2dc047c4950d39cb9a17868b5bbf06222449c3cadf6ddc3911324a9f4314fe6","answer.multiple-valid","32","3000","9","1804.055","1763.986","2418.278"
"2026-10-06T18-02-59.689Z-ebfef294-2cfe-46c4-9530-8ae4a00ee409","615ee5b109cb06ee8600f8373123a2ee9c904001","d2dc047c4950d39cb9a17868b5bbf06222449c3cadf6ddc3911324a9f4314fe6","answer.multiple-invalid","32","3000","9","1872.083","1783.153","2624.792"
"2026-10-06T18-02-59.689Z-ebfef294-2cfe-46c4-9530-8ae4a00ee409","615ee5b109cb06ee8600f8373123a2ee9c904001","d2dc047c4950d39cb9a17868b5bbf06222449c3cadf6ddc3911324a9f4314fe6","answer.single-valid-tail","96","3000","9","838.986","828.333","898.792"
"2026-10-06T18-02-59.689Z-ebfef294-2cfe-46c4-9530-8ae4a00ee409","615ee5b109cb06ee8600f8373123a2ee9c904001","d2dc047c4950d39cb9a17868b5bbf06222449c3cadf6ddc3911324a9f4314fe6","answer.single-invalid","96","3000","9","724.944","701.208","896.500"
"2026-10-06T18-02-59.689Z-ebfef294-2cfe-46c4-9530-8ae4a00ee409","615ee5b109cb06ee8600f8373123a2ee9c904001","d2dc047c4950d39cb9a17868b5bbf06222449c3cadf6ddc3911324a9f4314fe6","answer.multiple-valid","96","3000","9","4201.208","4098.889","4794.305"
"2026-10-06T18-02-59.689Z-ebfef294-2cfe-46c4-9530-8ae4a00ee409","615ee5b109cb06ee8600f8373123a2ee9c904001","d2dc047c4950d39cb9a17868b5bbf06222449c3cadf6ddc3911324a9f4314fe6","answer.multiple-invalid","96","3000","9","4344.944","4185.958","4921.305"
"2026-10-06T18-02-59.689Z-ebfef294-2cfe-46c4-9530-8ae4a00ee409","615ee5b109cb06ee8600f8373123a2ee9c904001","d2dc047c4950d39cb9a17868b5bbf06222449c3cadf6ddc3911324a9f4314fe6","condition.all-early","4","3000","9","717.861","701.361","784.194"
"2026-10-06T18-02-59.689Z-ebfef294-2cfe-46c4-9530-8ae4a00ee409","615ee5b109cb06ee8600f8373123a2ee9c904001","d2dc047c4950d39cb9a17868b5bbf06222449c3cadf6ddc3911324a9f4314fe6","condition.all-worst","4","3000","9","2388.944","2309.375","2717.486"
"2026-10-06T18-02-59.689Z-ebfef294-2cfe-46c4-9530-8ae4a00ee409","615ee5b109cb06ee8600f8373123a2ee9c904001","d2dc047c4950d39cb9a17868b5bbf06222449c3cadf6ddc3911324a9f4314fe6","condition.any-early","4","3000","9","842.417","811.472","930.903"
"2026-10-06T18-02-59.689Z-ebfef294-2cfe-46c4-9530-8ae4a00ee409","615ee5b109cb06ee8600f8373123a2ee9c904001","d2dc047c4950d39cb9a17868b5bbf06222449c3cadf6ddc3911324a9f4314fe6","condition.any-worst","4","3000","9","2504.292","2424.930","2619.319"
"2026-10-06T18-02-59.689Z-ebfef294-2cfe-46c4-9530-8ae4a00ee409","615ee5b109cb06ee8600f8373123a2ee9c904001","d2dc047c4950d39cb9a17868b5bbf06222449c3cadf6ddc3911324a9f4314fe6","condition.all-early","24","3000","9","722.764","708.444","778.264"
"2026-10-06T18-02-59.689Z-ebfef294-2cfe-46c4-9530-8ae4a00ee409","615ee5b109cb06ee8600f8373123a2ee9c904001","d2dc047c4950d39cb9a17868b5bbf06222449c3cadf6ddc3911324a9f4314fe6","condition.all-worst","24","3000","9","13327.556","13137.653","14021.514"
"2026-10-06T18-02-59.689Z-ebfef294-2cfe-46c4-9530-8ae4a00ee409","615ee5b109cb06ee8600f8373123a2ee9c904001","d2dc047c4950d39cb9a17868b5bbf06222449c3cadf6ddc3911324a9f4314fe6","condition.any-early","24","3000","9","832.694","822.042","853.778"
"2026-10-06T18-02-59.689Z-ebfef294-2cfe-46c4-9530-8ae4a00ee409","615ee5b109cb06ee8600f8373123a2ee9c904001","d2dc047c4950d39cb9a17868b5bbf06222449c3cadf6ddc3911324a9f4314fe6","condition.any-worst","24","3000","9","13534.347","13296.736","15835.611"
"2026-10-06T18-02-59.689Z-ebfef294-2cfe-46c4-9530-8ae4a00ee409","615ee5b109cb06ee8600f8373123a2ee9c904001","d2dc047c4950d39cb9a17868b5bbf06222449c3cadf6ddc3911324a9f4314fe6","historical.v1.A","9","200","9","11604.165","10766.875","12331.875"
"2026-10-06T18-02-59.689Z-ebfef294-2cfe-46c4-9530-8ae4a00ee409","615ee5b109cb06ee8600f8373123a2ee9c904001","d2dc047c4950d39cb9a17868b5bbf06222449c3cadf6ddc3911324a9f4314fe6","historical.v1.B","9","200","9","12845.210","12378.125","13581.040"
"2026-10-06T18-02-59.689Z-ebfef294-2cfe-46c4-9530-8ae4a00ee409","615ee5b109cb06ee8600f8373123a2ee9c904001","d2dc047c4950d39cb9a17868b5bbf06222449c3cadf6ddc3911324a9f4314fe6","historical.v2.A","10","200","9","13058.955","12903.335","13372.295"
"2026-10-06T18-02-59.689Z-ebfef294-2cfe-46c4-9530-8ae4a00ee409","615ee5b109cb06ee8600f8373123a2ee9c904001","d2dc047c4950d39cb9a17868b5bbf06222449c3cadf6ddc3911324a9f4314fe6","historical.v2.B","10","200","9","14412.085","14262.290","15903.125"
"2026-10-06T18-02-59.689Z-ebfef294-2cfe-46c4-9530-8ae4a00ee409","615ee5b109cb06ee8600f8373123a2ee9c904001","d2dc047c4950d39cb9a17868b5bbf06222449c3cadf6ddc3911324a9f4314fe6","historical.v3.A","11","200","9","15170.415","14828.960","16423.335"
"2026-10-06T18-02-59.689Z-ebfef294-2cfe-46c4-9530-8ae4a00ee409","615ee5b109cb06ee8600f8373123a2ee9c904001","d2dc047c4950d39cb9a17868b5bbf06222449c3cadf6ddc3911324a9f4314fe6","historical.v3.B","11","200","9","15895.625","15037.290","21075.835"
"2026-10-06T18-02-59.689Z-ebfef294-2cfe-46c4-9530-8ae4a00ee409","615ee5b109cb06ee8600f8373123a2ee9c904001","d2dc047c4950d39cb9a17868b5bbf06222449c3cadf6ddc3911324a9f4314fe6","answer.number-valid","1","3000","9","557.417","538.667","620.042"
"2026-10-06T18-02-59.689Z-ebfef294-2cfe-46c4-9530-8ae4a00ee409","615ee5b109cb06ee8600f8373123a2ee9c904001","d2dc047c4950d39cb9a17868b5bbf06222449c3cadf6ddc3911324a9f4314fe6","answer.number-invalid","1","3000","9","579.181","544.625","653.333"
"2026-10-06T18-02-59.689Z-ebfef294-2cfe-46c4-9530-8ae4a00ee409","615ee5b109cb06ee8600f8373123a2ee9c904001","d2dc047c4950d39cb9a17868b5bbf06222449c3cadf6ddc3911324a9f4314fe6","configuration.repeated-selection-references","96","200","9","612764.375","591020.625","658752.710"
"2026-10-06T18-05-44.892Z-f3271246-c357-4c86-b877-901649a5cd20","445e8d32e27947abba2f1f9b528c4fe8d5400dbf","62a25309b68a9bda45fc8c245c475dae63c0277fb134996382b2398a5ea645dd","configuration.valid","8","200","9","101471.250","99737.290","108118.540"
"2026-10-06T18-05-44.892Z-f3271246-c357-4c86-b877-901649a5cd20","445e8d32e27947abba2f1f9b528c4fe8d5400dbf","62a25309b68a9bda45fc8c245c475dae63c0277fb134996382b2398a5ea645dd","configuration.invalid-reference","8","200","9","100527.915","99610.000","109697.085"
"2026-10-06T18-05-44.892Z-f3271246-c357-4c86-b877-901649a5cd20","445e8d32e27947abba2f1f9b528c4fe8d5400dbf","62a25309b68a9bda45fc8c245c475dae63c0277fb134996382b2398a5ea645dd","experiment.resolve","8","200","9","292.085","286.040","1194.375"
"2026-10-06T18-05-44.892Z-f3271246-c357-4c86-b877-901649a5cd20","445e8d32e27947abba2f1f9b528c4fe8d5400dbf","62a25309b68a9bda45fc8c245c475dae63c0277fb134996382b2398a5ea645dd","route.resolve","8","200","9","5590.830","5422.500","5839.580"
"2026-10-06T18-05-44.892Z-f3271246-c357-4c86-b877-901649a5cd20","445e8d32e27947abba2f1f9b528c4fe8d5400dbf","62a25309b68a9bda45fc8c245c475dae63c0277fb134996382b2398a5ea645dd","result.resolve","8","200","9","6275.415","6094.170","6744.165"
"2026-10-06T18-05-44.892Z-f3271246-c357-4c86-b877-901649a5cd20","445e8d32e27947abba2f1f9b528c4fe8d5400dbf","62a25309b68a9bda45fc8c245c475dae63c0277fb134996382b2398a5ea645dd","funnel.evaluate","8","200","9","6208.335","6047.915","8910.000"
"2026-10-06T18-05-44.892Z-f3271246-c357-4c86-b877-901649a5cd20","445e8d32e27947abba2f1f9b528c4fe8d5400dbf","62a25309b68a9bda45fc8c245c475dae63c0277fb134996382b2398a5ea645dd","route.next-tail","8","3000","9","23.958","22.972","61.583"
"2026-10-06T18-05-44.892Z-f3271246-c357-4c86-b877-901649a5cd20","445e8d32e27947abba2f1f9b528c4fe8d5400dbf","62a25309b68a9bda45fc8c245c475dae63c0277fb134996382b2398a5ea645dd","route.previous-tail","8","3000","9","16.000","15.055","54.111"
"2026-10-06T18-05-44.892Z-f3271246-c357-4c86-b877-901649a5cd20","445e8d32e27947abba2f1f9b528c4fe8d5400dbf","62a25309b68a9bda45fc8c245c475dae63c0277fb134996382b2398a5ea645dd","configuration.valid","32","200","9","260548.125","253646.250","271569.375"
"2026-10-06T18-05-44.892Z-f3271246-c357-4c86-b877-901649a5cd20","445e8d32e27947abba2f1f9b528c4fe8d5400dbf","62a25309b68a9bda45fc8c245c475dae63c0277fb134996382b2398a5ea645dd","configuration.invalid-reference","32","200","9","257745.000","252131.875","273513.955"
"2026-10-06T18-05-44.892Z-f3271246-c357-4c86-b877-901649a5cd20","445e8d32e27947abba2f1f9b528c4fe8d5400dbf","62a25309b68a9bda45fc8c245c475dae63c0277fb134996382b2398a5ea645dd","experiment.resolve","32","200","9","2829.375","2721.665","5022.290"
"2026-10-06T18-05-44.892Z-f3271246-c357-4c86-b877-901649a5cd20","445e8d32e27947abba2f1f9b528c4fe8d5400dbf","62a25309b68a9bda45fc8c245c475dae63c0277fb134996382b2398a5ea645dd","route.resolve","32","200","9","25194.580","24677.915","32415.000"
"2026-10-06T18-05-44.892Z-f3271246-c357-4c86-b877-901649a5cd20","445e8d32e27947abba2f1f9b528c4fe8d5400dbf","62a25309b68a9bda45fc8c245c475dae63c0277fb134996382b2398a5ea645dd","result.resolve","32","200","9","25835.000","24786.250","26813.125"
"2026-10-06T18-05-44.892Z-f3271246-c357-4c86-b877-901649a5cd20","445e8d32e27947abba2f1f9b528c4fe8d5400dbf","62a25309b68a9bda45fc8c245c475dae63c0277fb134996382b2398a5ea645dd","funnel.evaluate","32","200","9","25786.040","25008.125","26102.915"
"2026-10-06T18-05-44.892Z-f3271246-c357-4c86-b877-901649a5cd20","445e8d32e27947abba2f1f9b528c4fe8d5400dbf","62a25309b68a9bda45fc8c245c475dae63c0277fb134996382b2398a5ea645dd","route.next-tail","32","3000","9","73.264","68.806","176.945"
"2026-10-06T18-05-44.892Z-f3271246-c357-4c86-b877-901649a5cd20","445e8d32e27947abba2f1f9b528c4fe8d5400dbf","62a25309b68a9bda45fc8c245c475dae63c0277fb134996382b2398a5ea645dd","route.previous-tail","32","3000","9","42.750","40.694","176.222"
"2026-10-06T18-05-44.892Z-f3271246-c357-4c86-b877-901649a5cd20","445e8d32e27947abba2f1f9b528c4fe8d5400dbf","62a25309b68a9bda45fc8c245c475dae63c0277fb134996382b2398a5ea645dd","configuration.valid","96","200","9","667015.210","655325.210","685885.000"
"2026-10-06T18-05-44.892Z-f3271246-c357-4c86-b877-901649a5cd20","445e8d32e27947abba2f1f9b528c4fe8d5400dbf","62a25309b68a9bda45fc8c245c475dae63c0277fb134996382b2398a5ea645dd","configuration.invalid-reference","96","200","9","673492.710","654086.670","828901.040"
"2026-10-06T18-05-44.892Z-f3271246-c357-4c86-b877-901649a5cd20","445e8d32e27947abba2f1f9b528c4fe8d5400dbf","62a25309b68a9bda45fc8c245c475dae63c0277fb134996382b2398a5ea645dd","experiment.resolve","96","200","9","9221.875","8708.125","10767.295"
"2026-10-06T18-05-44.892Z-f3271246-c357-4c86-b877-901649a5cd20","445e8d32e27947abba2f1f9b528c4fe8d5400dbf","62a25309b68a9bda45fc8c245c475dae63c0277fb134996382b2398a5ea645dd","route.resolve","96","200","9","79244.375","77448.125","84030.415"
"2026-10-06T18-05-44.892Z-f3271246-c357-4c86-b877-901649a5cd20","445e8d32e27947abba2f1f9b528c4fe8d5400dbf","62a25309b68a9bda45fc8c245c475dae63c0277fb134996382b2398a5ea645dd","result.resolve","96","200","9","80650.000","77222.290","126866.875"
"2026-10-06T18-05-44.892Z-f3271246-c357-4c86-b877-901649a5cd20","445e8d32e27947abba2f1f9b528c4fe8d5400dbf","62a25309b68a9bda45fc8c245c475dae63c0277fb134996382b2398a5ea645dd","funnel.evaluate","96","200","9","79202.500","77122.085","89060.835"
"2026-10-06T18-05-44.892Z-f3271246-c357-4c86-b877-901649a5cd20","445e8d32e27947abba2f1f9b528c4fe8d5400dbf","62a25309b68a9bda45fc8c245c475dae63c0277fb134996382b2398a5ea645dd","route.next-tail","96","3000","9","251.445","245.722","521.542"
"2026-10-06T18-05-44.892Z-f3271246-c357-4c86-b877-901649a5cd20","445e8d32e27947abba2f1f9b528c4fe8d5400dbf","62a25309b68a9bda45fc8c245c475dae63c0277fb134996382b2398a5ea645dd","route.previous-tail","96","3000","9","127.708","119.333","453.542"
"2026-10-06T18-05-44.892Z-f3271246-c357-4c86-b877-901649a5cd20","445e8d32e27947abba2f1f9b528c4fe8d5400dbf","62a25309b68a9bda45fc8c245c475dae63c0277fb134996382b2398a5ea645dd","answer.single-valid-tail","8","3000","9","646.347","626.070","874.153"
"2026-10-06T18-05-44.892Z-f3271246-c357-4c86-b877-901649a5cd20","445e8d32e27947abba2f1f9b528c4fe8d5400dbf","62a25309b68a9bda45fc8c245c475dae63c0277fb134996382b2398a5ea645dd","answer.single-invalid","8","3000","9","626.070","615.514","711.667"
"2026-10-06T18-05-44.892Z-f3271246-c357-4c86-b877-901649a5cd20","445e8d32e27947abba2f1f9b528c4fe8d5400dbf","62a25309b68a9bda45fc8c245c475dae63c0277fb134996382b2398a5ea645dd","answer.multiple-valid","8","3000","9","994.195","988.292","1094.222"
"2026-10-06T18-05-44.892Z-f3271246-c357-4c86-b877-901649a5cd20","445e8d32e27947abba2f1f9b528c4fe8d5400dbf","62a25309b68a9bda45fc8c245c475dae63c0277fb134996382b2398a5ea645dd","answer.multiple-oversized","8","3000","9","771.945","758.500","861.139"
"2026-10-06T18-05-44.892Z-f3271246-c357-4c86-b877-901649a5cd20","445e8d32e27947abba2f1f9b528c4fe8d5400dbf","62a25309b68a9bda45fc8c245c475dae63c0277fb134996382b2398a5ea645dd","answer.multiple-invalid","8","3000","9","1037.264","989.736","1141.833"
"2026-10-06T18-05-44.892Z-f3271246-c357-4c86-b877-901649a5cd20","445e8d32e27947abba2f1f9b528c4fe8d5400dbf","62a25309b68a9bda45fc8c245c475dae63c0277fb134996382b2398a5ea645dd","answer.single-valid-tail","32","3000","9","675.528","658.028","789.181"
"2026-10-06T18-05-44.892Z-f3271246-c357-4c86-b877-901649a5cd20","445e8d32e27947abba2f1f9b528c4fe8d5400dbf","62a25309b68a9bda45fc8c245c475dae63c0277fb134996382b2398a5ea645dd","answer.single-invalid","32","3000","9","672.180","639.764","827.736"
"2026-10-06T18-05-44.892Z-f3271246-c357-4c86-b877-901649a5cd20","445e8d32e27947abba2f1f9b528c4fe8d5400dbf","62a25309b68a9bda45fc8c245c475dae63c0277fb134996382b2398a5ea645dd","answer.multiple-valid","32","3000","9","1800.611","1747.625","1861.111"
"2026-10-06T18-05-44.892Z-f3271246-c357-4c86-b877-901649a5cd20","445e8d32e27947abba2f1f9b528c4fe8d5400dbf","62a25309b68a9bda45fc8c245c475dae63c0277fb134996382b2398a5ea645dd","answer.multiple-oversized","32","3000","9","770.569","760.694","805.653"
"2026-10-06T18-05-44.892Z-f3271246-c357-4c86-b877-901649a5cd20","445e8d32e27947abba2f1f9b528c4fe8d5400dbf","62a25309b68a9bda45fc8c245c475dae63c0277fb134996382b2398a5ea645dd","answer.multiple-invalid","32","3000","9","1860.250","1821.430","2079.708"
"2026-10-06T18-05-44.892Z-f3271246-c357-4c86-b877-901649a5cd20","445e8d32e27947abba2f1f9b528c4fe8d5400dbf","62a25309b68a9bda45fc8c245c475dae63c0277fb134996382b2398a5ea645dd","answer.single-valid-tail","96","3000","9","841.514","828.292","866.653"
"2026-10-06T18-05-44.892Z-f3271246-c357-4c86-b877-901649a5cd20","445e8d32e27947abba2f1f9b528c4fe8d5400dbf","62a25309b68a9bda45fc8c245c475dae63c0277fb134996382b2398a5ea645dd","answer.single-invalid","96","3000","9","729.458","709.736","753.556"
"2026-10-06T18-05-44.892Z-f3271246-c357-4c86-b877-901649a5cd20","445e8d32e27947abba2f1f9b528c4fe8d5400dbf","62a25309b68a9bda45fc8c245c475dae63c0277fb134996382b2398a5ea645dd","answer.multiple-valid","96","3000","9","4238.583","4137.792","4308.875"
"2026-10-06T18-05-44.892Z-f3271246-c357-4c86-b877-901649a5cd20","445e8d32e27947abba2f1f9b528c4fe8d5400dbf","62a25309b68a9bda45fc8c245c475dae63c0277fb134996382b2398a5ea645dd","answer.multiple-oversized","96","3000","9","791.431","763.472","835.333"
"2026-10-06T18-05-44.892Z-f3271246-c357-4c86-b877-901649a5cd20","445e8d32e27947abba2f1f9b528c4fe8d5400dbf","62a25309b68a9bda45fc8c245c475dae63c0277fb134996382b2398a5ea645dd","answer.multiple-invalid","96","3000","9","4294.653","4181.306","5022.431"
"2026-10-06T18-05-44.892Z-f3271246-c357-4c86-b877-901649a5cd20","445e8d32e27947abba2f1f9b528c4fe8d5400dbf","62a25309b68a9bda45fc8c245c475dae63c0277fb134996382b2398a5ea645dd","condition.all-early","4","3000","9","741.528","725.930","797.250"
"2026-10-06T18-05-44.892Z-f3271246-c357-4c86-b877-901649a5cd20","445e8d32e27947abba2f1f9b528c4fe8d5400dbf","62a25309b68a9bda45fc8c245c475dae63c0277fb134996382b2398a5ea645dd","condition.all-worst","4","3000","9","2408.611","2341.597","2531.069"
"2026-10-06T18-05-44.892Z-f3271246-c357-4c86-b877-901649a5cd20","445e8d32e27947abba2f1f9b528c4fe8d5400dbf","62a25309b68a9bda45fc8c245c475dae63c0277fb134996382b2398a5ea645dd","condition.any-early","4","3000","9","840.889","820.806","855.500"
"2026-10-06T18-05-44.892Z-f3271246-c357-4c86-b877-901649a5cd20","445e8d32e27947abba2f1f9b528c4fe8d5400dbf","62a25309b68a9bda45fc8c245c475dae63c0277fb134996382b2398a5ea645dd","condition.any-worst","4","3000","9","2493.181","2455.986","2582.570"
"2026-10-06T18-05-44.892Z-f3271246-c357-4c86-b877-901649a5cd20","445e8d32e27947abba2f1f9b528c4fe8d5400dbf","62a25309b68a9bda45fc8c245c475dae63c0277fb134996382b2398a5ea645dd","condition.all-early","24","3000","9","743.125","709.722","776.056"
"2026-10-06T18-05-44.892Z-f3271246-c357-4c86-b877-901649a5cd20","445e8d32e27947abba2f1f9b528c4fe8d5400dbf","62a25309b68a9bda45fc8c245c475dae63c0277fb134996382b2398a5ea645dd","condition.all-worst","24","3000","9","13418.555","13223.528","13905.708"
"2026-10-06T18-05-44.892Z-f3271246-c357-4c86-b877-901649a5cd20","445e8d32e27947abba2f1f9b528c4fe8d5400dbf","62a25309b68a9bda45fc8c245c475dae63c0277fb134996382b2398a5ea645dd","condition.any-early","24","3000","9","832.333","826.042","848.819"
"2026-10-06T18-05-44.892Z-f3271246-c357-4c86-b877-901649a5cd20","445e8d32e27947abba2f1f9b528c4fe8d5400dbf","62a25309b68a9bda45fc8c245c475dae63c0277fb134996382b2398a5ea645dd","condition.any-worst","24","3000","9","13537.153","13310.514","22603.514"
"2026-10-06T18-05-44.892Z-f3271246-c357-4c86-b877-901649a5cd20","445e8d32e27947abba2f1f9b528c4fe8d5400dbf","62a25309b68a9bda45fc8c245c475dae63c0277fb134996382b2398a5ea645dd","condition.in-tail","8","3000","9","728.833","706.542","802.292"
"2026-10-06T18-05-44.892Z-f3271246-c357-4c86-b877-901649a5cd20","445e8d32e27947abba2f1f9b528c4fe8d5400dbf","62a25309b68a9bda45fc8c245c475dae63c0277fb134996382b2398a5ea645dd","condition.contains-tail","8","3000","9","832.320","816.528","852.375"
"2026-10-06T18-05-44.892Z-f3271246-c357-4c86-b877-901649a5cd20","445e8d32e27947abba2f1f9b528c4fe8d5400dbf","62a25309b68a9bda45fc8c245c475dae63c0277fb134996382b2398a5ea645dd","condition.in-tail","32","3000","9","756.681","740.639","866.653"
"2026-10-06T18-05-44.892Z-f3271246-c357-4c86-b877-901649a5cd20","445e8d32e27947abba2f1f9b528c4fe8d5400dbf","62a25309b68a9bda45fc8c245c475dae63c0277fb134996382b2398a5ea645dd","condition.contains-tail","32","3000","9","861.028","841.083","901.014"
"2026-10-06T18-05-44.892Z-f3271246-c357-4c86-b877-901649a5cd20","445e8d32e27947abba2f1f9b528c4fe8d5400dbf","62a25309b68a9bda45fc8c245c475dae63c0277fb134996382b2398a5ea645dd","condition.in-tail","96","3000","9","944.069","916.639","1162.153"
"2026-10-06T18-05-44.892Z-f3271246-c357-4c86-b877-901649a5cd20","445e8d32e27947abba2f1f9b528c4fe8d5400dbf","62a25309b68a9bda45fc8c245c475dae63c0277fb134996382b2398a5ea645dd","condition.contains-tail","96","3000","9","984.944","966.903","1045.736"
"2026-10-06T18-05-44.892Z-f3271246-c357-4c86-b877-901649a5cd20","445e8d32e27947abba2f1f9b528c4fe8d5400dbf","62a25309b68a9bda45fc8c245c475dae63c0277fb134996382b2398a5ea645dd","condition.nested-all","2","3000","9","888.181","867.792","977.389"
"2026-10-06T18-05-44.892Z-f3271246-c357-4c86-b877-901649a5cd20","445e8d32e27947abba2f1f9b528c4fe8d5400dbf","62a25309b68a9bda45fc8c245c475dae63c0277fb134996382b2398a5ea645dd","condition.nested-all","8","3000","9","1901.639","1840.805","1971.514"
"2026-10-06T18-05-44.892Z-f3271246-c357-4c86-b877-901649a5cd20","445e8d32e27947abba2f1f9b528c4fe8d5400dbf","62a25309b68a9bda45fc8c245c475dae63c0277fb134996382b2398a5ea645dd","route.hidden-branch","8","200","9","5373.540","5304.790","5809.375"
"2026-10-06T18-05-44.892Z-f3271246-c357-4c86-b877-901649a5cd20","445e8d32e27947abba2f1f9b528c4fe8d5400dbf","62a25309b68a9bda45fc8c245c475dae63c0277fb134996382b2398a5ea645dd","funnel.incomplete","8","200","9","4925.000","4801.250","5367.085"
"2026-10-06T18-05-44.892Z-f3271246-c357-4c86-b877-901649a5cd20","445e8d32e27947abba2f1f9b528c4fe8d5400dbf","62a25309b68a9bda45fc8c245c475dae63c0277fb134996382b2398a5ea645dd","route.hidden-branch","32","200","9","24994.585","24134.580","29787.710"
"2026-10-06T18-05-44.892Z-f3271246-c357-4c86-b877-901649a5cd20","445e8d32e27947abba2f1f9b528c4fe8d5400dbf","62a25309b68a9bda45fc8c245c475dae63c0277fb134996382b2398a5ea645dd","funnel.incomplete","32","200","9","24596.875","24138.540","30380.210"
"2026-10-06T18-05-44.892Z-f3271246-c357-4c86-b877-901649a5cd20","445e8d32e27947abba2f1f9b528c4fe8d5400dbf","62a25309b68a9bda45fc8c245c475dae63c0277fb134996382b2398a5ea645dd","route.hidden-branch","96","200","9","79152.915","78300.415","152825.835"
"2026-10-06T18-05-44.892Z-f3271246-c357-4c86-b877-901649a5cd20","445e8d32e27947abba2f1f9b528c4fe8d5400dbf","62a25309b68a9bda45fc8c245c475dae63c0277fb134996382b2398a5ea645dd","funnel.incomplete","96","200","9","76632.915","75512.920","90285.830"
"2026-10-06T18-05-44.892Z-f3271246-c357-4c86-b877-901649a5cd20","445e8d32e27947abba2f1f9b528c4fe8d5400dbf","62a25309b68a9bda45fc8c245c475dae63c0277fb134996382b2398a5ea645dd","result.last-rule","8","200","9","10210.625","10019.585","11240.420"
"2026-10-06T18-05-44.892Z-f3271246-c357-4c86-b877-901649a5cd20","445e8d32e27947abba2f1f9b528c4fe8d5400dbf","62a25309b68a9bda45fc8c245c475dae63c0277fb134996382b2398a5ea645dd","result.no-rule","8","200","9","10270.000","10126.875","10673.335"
"2026-10-06T18-05-44.892Z-f3271246-c357-4c86-b877-901649a5cd20","445e8d32e27947abba2f1f9b528c4fe8d5400dbf","62a25309b68a9bda45fc8c245c475dae63c0277fb134996382b2398a5ea645dd","result.last-rule","32","200","9","23568.955","23035.000","37532.915"
"2026-10-06T18-05-44.892Z-f3271246-c357-4c86-b877-901649a5cd20","445e8d32e27947abba2f1f9b528c4fe8d5400dbf","62a25309b68a9bda45fc8c245c475dae63c0277fb134996382b2398a5ea645dd","result.no-rule","32","200","9","23803.335","23372.290","37102.915"
"2026-10-06T18-05-44.892Z-f3271246-c357-4c86-b877-901649a5cd20","445e8d32e27947abba2f1f9b528c4fe8d5400dbf","62a25309b68a9bda45fc8c245c475dae63c0277fb134996382b2398a5ea645dd","result.last-rule","96","200","9","58886.875","57998.750","61347.080"
"2026-10-06T18-05-44.892Z-f3271246-c357-4c86-b877-901649a5cd20","445e8d32e27947abba2f1f9b528c4fe8d5400dbf","62a25309b68a9bda45fc8c245c475dae63c0277fb134996382b2398a5ea645dd","result.no-rule","96","200","9","59430.835","58642.710","60330.000"
"2026-10-06T18-05-44.892Z-f3271246-c357-4c86-b877-901649a5cd20","445e8d32e27947abba2f1f9b528c4fe8d5400dbf","62a25309b68a9bda45fc8c245c475dae63c0277fb134996382b2398a5ea645dd","historical.v1.A","9","200","9","11046.665","10784.375","12375.000"
"2026-10-06T18-05-44.892Z-f3271246-c357-4c86-b877-901649a5cd20","445e8d32e27947abba2f1f9b528c4fe8d5400dbf","62a25309b68a9bda45fc8c245c475dae63c0277fb134996382b2398a5ea645dd","historical.v1.B","9","200","9","12397.085","12215.835","12930.835"
"2026-10-06T18-05-44.892Z-f3271246-c357-4c86-b877-901649a5cd20","445e8d32e27947abba2f1f9b528c4fe8d5400dbf","62a25309b68a9bda45fc8c245c475dae63c0277fb134996382b2398a5ea645dd","historical.v2.A","10","200","9","13033.335","12699.795","13410.415"
"2026-10-06T18-05-44.892Z-f3271246-c357-4c86-b877-901649a5cd20","445e8d32e27947abba2f1f9b528c4fe8d5400dbf","62a25309b68a9bda45fc8c245c475dae63c0277fb134996382b2398a5ea645dd","historical.v2.B","10","200","9","14529.790","14266.460","16846.665"
"2026-10-06T18-05-44.892Z-f3271246-c357-4c86-b877-901649a5cd20","445e8d32e27947abba2f1f9b528c4fe8d5400dbf","62a25309b68a9bda45fc8c245c475dae63c0277fb134996382b2398a5ea645dd","historical.v3.A","11","200","9","14979.790","14771.460","15735.420"
"2026-10-06T18-05-44.892Z-f3271246-c357-4c86-b877-901649a5cd20","445e8d32e27947abba2f1f9b528c4fe8d5400dbf","62a25309b68a9bda45fc8c245c475dae63c0277fb134996382b2398a5ea645dd","historical.v3.B","11","200","9","15556.875","15311.250","20716.250"
"2026-10-06T18-05-44.892Z-f3271246-c357-4c86-b877-901649a5cd20","445e8d32e27947abba2f1f9b528c4fe8d5400dbf","62a25309b68a9bda45fc8c245c475dae63c0277fb134996382b2398a5ea645dd","answer.number-valid","1","3000","9","555.430","539.736","609.764"
"2026-10-06T18-05-44.892Z-f3271246-c357-4c86-b877-901649a5cd20","445e8d32e27947abba2f1f9b528c4fe8d5400dbf","62a25309b68a9bda45fc8c245c475dae63c0277fb134996382b2398a5ea645dd","answer.number-invalid","1","3000","9","565.972","552.500","637.264"
"2026-10-06T18-05-44.892Z-f3271246-c357-4c86-b877-901649a5cd20","445e8d32e27947abba2f1f9b528c4fe8d5400dbf","62a25309b68a9bda45fc8c245c475dae63c0277fb134996382b2398a5ea645dd","configuration.repeated-selection-references","96","200","9","461157.500","453847.500","483494.375"
"2026-10-06T18-06-29.107Z-0f11f3b4-af53-4d1e-83c3-716514f86187","445e8d32e27947abba2f1f9b528c4fe8d5400dbf","f88168694484a79866b51601cff0ea01b0eb558d6a6d360e8383f61cb5d5a2b9","configuration.valid","8","200","9","102253.750","99390.625","104683.335"
"2026-10-06T18-06-29.107Z-0f11f3b4-af53-4d1e-83c3-716514f86187","445e8d32e27947abba2f1f9b528c4fe8d5400dbf","f88168694484a79866b51601cff0ea01b0eb558d6a6d360e8383f61cb5d5a2b9","configuration.invalid-reference","8","200","9","102434.790","99592.290","107823.125"
"2026-10-06T18-06-29.107Z-0f11f3b4-af53-4d1e-83c3-716514f86187","445e8d32e27947abba2f1f9b528c4fe8d5400dbf","f88168694484a79866b51601cff0ea01b0eb558d6a6d360e8383f61cb5d5a2b9","experiment.resolve","8","200","9","293.335","286.665","1256.250"
"2026-10-06T18-06-29.107Z-0f11f3b4-af53-4d1e-83c3-716514f86187","445e8d32e27947abba2f1f9b528c4fe8d5400dbf","f88168694484a79866b51601cff0ea01b0eb558d6a6d360e8383f61cb5d5a2b9","route.resolve","8","200","9","5693.545","5512.500","5953.750"
"2026-10-06T18-06-29.107Z-0f11f3b4-af53-4d1e-83c3-716514f86187","445e8d32e27947abba2f1f9b528c4fe8d5400dbf","f88168694484a79866b51601cff0ea01b0eb558d6a6d360e8383f61cb5d5a2b9","result.resolve","8","200","9","6362.500","6121.875","6641.455"
"2026-10-06T18-06-29.107Z-0f11f3b4-af53-4d1e-83c3-716514f86187","445e8d32e27947abba2f1f9b528c4fe8d5400dbf","f88168694484a79866b51601cff0ea01b0eb558d6a6d360e8383f61cb5d5a2b9","funnel.evaluate","8","200","9","6278.125","6045.830","7559.580"
"2026-10-06T18-06-29.107Z-0f11f3b4-af53-4d1e-83c3-716514f86187","445e8d32e27947abba2f1f9b528c4fe8d5400dbf","f88168694484a79866b51601cff0ea01b0eb558d6a6d360e8383f61cb5d5a2b9","route.next-tail","8","3000","9","22.569","22.042","57.695"
"2026-10-06T18-06-29.107Z-0f11f3b4-af53-4d1e-83c3-716514f86187","445e8d32e27947abba2f1f9b528c4fe8d5400dbf","f88168694484a79866b51601cff0ea01b0eb558d6a6d360e8383f61cb5d5a2b9","route.previous-tail","8","3000","9","15.111","14.861","55.333"
"2026-10-06T18-06-29.107Z-0f11f3b4-af53-4d1e-83c3-716514f86187","445e8d32e27947abba2f1f9b528c4fe8d5400dbf","f88168694484a79866b51601cff0ea01b0eb558d6a6d360e8383f61cb5d5a2b9","configuration.valid","32","200","9","256300.210","251678.540","297050.210"
"2026-10-06T18-06-29.107Z-0f11f3b4-af53-4d1e-83c3-716514f86187","445e8d32e27947abba2f1f9b528c4fe8d5400dbf","f88168694484a79866b51601cff0ea01b0eb558d6a6d360e8383f61cb5d5a2b9","configuration.invalid-reference","32","200","9","256484.165","252027.290","319117.500"
"2026-10-06T18-06-29.107Z-0f11f3b4-af53-4d1e-83c3-716514f86187","445e8d32e27947abba2f1f9b528c4fe8d5400dbf","f88168694484a79866b51601cff0ea01b0eb558d6a6d360e8383f61cb5d5a2b9","experiment.resolve","32","200","9","2845.210","2645.835","5363.540"
"2026-10-06T18-06-29.107Z-0f11f3b4-af53-4d1e-83c3-716514f86187","445e8d32e27947abba2f1f9b528c4fe8d5400dbf","f88168694484a79866b51601cff0ea01b0eb558d6a6d360e8383f61cb5d5a2b9","route.resolve","32","200","9","24864.165","24103.335","36536.455"
"2026-10-06T18-06-29.107Z-0f11f3b4-af53-4d1e-83c3-716514f86187","445e8d32e27947abba2f1f9b528c4fe8d5400dbf","f88168694484a79866b51601cff0ea01b0eb558d6a6d360e8383f61cb5d5a2b9","result.resolve","32","200","9","25437.705","24826.665","29308.960"
"2026-10-06T18-06-29.107Z-0f11f3b4-af53-4d1e-83c3-716514f86187","445e8d32e27947abba2f1f9b528c4fe8d5400dbf","f88168694484a79866b51601cff0ea01b0eb558d6a6d360e8383f61cb5d5a2b9","funnel.evaluate","32","200","9","25369.585","24831.040","61560.830"
"2026-10-06T18-06-29.107Z-0f11f3b4-af53-4d1e-83c3-716514f86187","445e8d32e27947abba2f1f9b528c4fe8d5400dbf","f88168694484a79866b51601cff0ea01b0eb558d6a6d360e8383f61cb5d5a2b9","route.next-tail","32","3000","9","70.264","67.167","290.583"
"2026-10-06T18-06-29.107Z-0f11f3b4-af53-4d1e-83c3-716514f86187","445e8d32e27947abba2f1f9b528c4fe8d5400dbf","f88168694484a79866b51601cff0ea01b0eb558d6a6d360e8383f61cb5d5a2b9","route.previous-tail","32","3000","9","38.917","38.806","200.861"
"2026-10-06T18-06-29.107Z-0f11f3b4-af53-4d1e-83c3-716514f86187","445e8d32e27947abba2f1f9b528c4fe8d5400dbf","f88168694484a79866b51601cff0ea01b0eb558d6a6d360e8383f61cb5d5a2b9","configuration.valid","96","200","9","667651.250","650236.040","797546.460"
"2026-10-06T18-06-29.107Z-0f11f3b4-af53-4d1e-83c3-716514f86187","445e8d32e27947abba2f1f9b528c4fe8d5400dbf","f88168694484a79866b51601cff0ea01b0eb558d6a6d360e8383f61cb5d5a2b9","configuration.invalid-reference","96","200","9","659291.460","650138.750","760778.335"
"2026-10-06T18-06-29.107Z-0f11f3b4-af53-4d1e-83c3-716514f86187","445e8d32e27947abba2f1f9b528c4fe8d5400dbf","f88168694484a79866b51601cff0ea01b0eb558d6a6d360e8383f61cb5d5a2b9","experiment.resolve","96","200","9","8888.750","8860.000","10793.960"
"2026-10-06T18-06-29.107Z-0f11f3b4-af53-4d1e-83c3-716514f86187","445e8d32e27947abba2f1f9b528c4fe8d5400dbf","f88168694484a79866b51601cff0ea01b0eb558d6a6d360e8383f61cb5d5a2b9","route.resolve","96","200","9","78762.710","76650.210","88562.915"
"2026-10-06T18-06-29.107Z-0f11f3b4-af53-4d1e-83c3-716514f86187","445e8d32e27947abba2f1f9b528c4fe8d5400dbf","f88168694484a79866b51601cff0ea01b0eb558d6a6d360e8383f61cb5d5a2b9","result.resolve","96","200","9","78546.040","77904.165","94566.040"
"2026-10-06T18-06-29.107Z-0f11f3b4-af53-4d1e-83c3-716514f86187","445e8d32e27947abba2f1f9b528c4fe8d5400dbf","f88168694484a79866b51601cff0ea01b0eb558d6a6d360e8383f61cb5d5a2b9","funnel.evaluate","96","200","9","78391.665","77760.210","109572.500"
"2026-10-06T18-06-29.107Z-0f11f3b4-af53-4d1e-83c3-716514f86187","445e8d32e27947abba2f1f9b528c4fe8d5400dbf","f88168694484a79866b51601cff0ea01b0eb558d6a6d360e8383f61cb5d5a2b9","route.next-tail","96","3000","9","247.583","242.056","517.069"
"2026-10-06T18-06-29.107Z-0f11f3b4-af53-4d1e-83c3-716514f86187","445e8d32e27947abba2f1f9b528c4fe8d5400dbf","f88168694484a79866b51601cff0ea01b0eb558d6a6d360e8383f61cb5d5a2b9","route.previous-tail","96","3000","9","115.931","113.042","466.972"
"2026-10-06T18-06-29.107Z-0f11f3b4-af53-4d1e-83c3-716514f86187","445e8d32e27947abba2f1f9b528c4fe8d5400dbf","f88168694484a79866b51601cff0ea01b0eb558d6a6d360e8383f61cb5d5a2b9","answer.single-valid-tail","8","3000","9","649.750","636.750","749.555"
"2026-10-06T18-06-29.107Z-0f11f3b4-af53-4d1e-83c3-716514f86187","445e8d32e27947abba2f1f9b528c4fe8d5400dbf","f88168694484a79866b51601cff0ea01b0eb558d6a6d360e8383f61cb5d5a2b9","answer.single-invalid","8","3000","9","633.306","611.917","704.514"
"2026-10-06T18-06-29.107Z-0f11f3b4-af53-4d1e-83c3-716514f86187","445e8d32e27947abba2f1f9b528c4fe8d5400dbf","f88168694484a79866b51601cff0ea01b0eb558d6a6d360e8383f61cb5d5a2b9","answer.multiple-valid","8","3000","9","1021.000","988.055","1128.083"
"2026-10-06T18-06-29.107Z-0f11f3b4-af53-4d1e-83c3-716514f86187","445e8d32e27947abba2f1f9b528c4fe8d5400dbf","f88168694484a79866b51601cff0ea01b0eb558d6a6d360e8383f61cb5d5a2b9","answer.multiple-oversized","8","3000","9","783.528","759.694","804.069"
"2026-10-06T18-06-29.107Z-0f11f3b4-af53-4d1e-83c3-716514f86187","445e8d32e27947abba2f1f9b528c4fe8d5400dbf","f88168694484a79866b51601cff0ea01b0eb558d6a6d360e8383f61cb5d5a2b9","answer.multiple-invalid","8","3000","9","1053.389","1004.417","1363.500"
"2026-10-06T18-06-29.107Z-0f11f3b4-af53-4d1e-83c3-716514f86187","445e8d32e27947abba2f1f9b528c4fe8d5400dbf","f88168694484a79866b51601cff0ea01b0eb558d6a6d360e8383f61cb5d5a2b9","answer.single-valid-tail","32","3000","9","713.972","669.292","1111.403"
"2026-10-06T18-06-29.107Z-0f11f3b4-af53-4d1e-83c3-716514f86187","445e8d32e27947abba2f1f9b528c4fe8d5400dbf","f88168694484a79866b51601cff0ea01b0eb558d6a6d360e8383f61cb5d5a2b9","answer.single-invalid","32","3000","9","655.472","632.889","721.389"
"2026-10-06T18-06-29.107Z-0f11f3b4-af53-4d1e-83c3-716514f86187","445e8d32e27947abba2f1f9b528c4fe8d5400dbf","f88168694484a79866b51601cff0ea01b0eb558d6a6d360e8383f61cb5d5a2b9","answer.multiple-valid","32","3000","9","1877.583","1797.194","2118.305"
"2026-10-06T18-06-29.107Z-0f11f3b4-af53-4d1e-83c3-716514f86187","445e8d32e27947abba2f1f9b528c4fe8d5400dbf","f88168694484a79866b51601cff0ea01b0eb558d6a6d360e8383f61cb5d5a2b9","answer.multiple-oversized","32","3000","9","777.333","754.819","1096.222"
"2026-10-06T18-06-29.107Z-0f11f3b4-af53-4d1e-83c3-716514f86187","445e8d32e27947abba2f1f9b528c4fe8d5400dbf","f88168694484a79866b51601cff0ea01b0eb558d6a6d360e8383f61cb5d5a2b9","answer.multiple-invalid","32","3000","9","1923.486","1870.319","5381.695"
"2026-10-06T18-06-29.107Z-0f11f3b4-af53-4d1e-83c3-716514f86187","445e8d32e27947abba2f1f9b528c4fe8d5400dbf","f88168694484a79866b51601cff0ea01b0eb558d6a6d360e8383f61cb5d5a2b9","answer.single-valid-tail","96","3000","9","858.125","823.875","947.736"
"2026-10-06T18-06-29.107Z-0f11f3b4-af53-4d1e-83c3-716514f86187","445e8d32e27947abba2f1f9b528c4fe8d5400dbf","f88168694484a79866b51601cff0ea01b0eb558d6a6d360e8383f61cb5d5a2b9","answer.single-invalid","96","3000","9","712.403","699.778","800.069"
"2026-10-06T18-06-29.107Z-0f11f3b4-af53-4d1e-83c3-716514f86187","445e8d32e27947abba2f1f9b528c4fe8d5400dbf","f88168694484a79866b51601cff0ea01b0eb558d6a6d360e8383f61cb5d5a2b9","answer.multiple-valid","96","3000","9","4300.000","4230.833","4441.847"
"2026-10-06T18-06-29.107Z-0f11f3b4-af53-4d1e-83c3-716514f86187","445e8d32e27947abba2f1f9b528c4fe8d5400dbf","f88168694484a79866b51601cff0ea01b0eb558d6a6d360e8383f61cb5d5a2b9","answer.multiple-oversized","96","3000","9","768.028","751.403","854.430"
"2026-10-06T18-06-29.107Z-0f11f3b4-af53-4d1e-83c3-716514f86187","445e8d32e27947abba2f1f9b528c4fe8d5400dbf","f88168694484a79866b51601cff0ea01b0eb558d6a6d360e8383f61cb5d5a2b9","answer.multiple-invalid","96","3000","9","4437.583","4288.320","5340.778"
"2026-10-06T18-06-29.107Z-0f11f3b4-af53-4d1e-83c3-716514f86187","445e8d32e27947abba2f1f9b528c4fe8d5400dbf","f88168694484a79866b51601cff0ea01b0eb558d6a6d360e8383f61cb5d5a2b9","condition.all-early","4","3000","9","732.486","706.722","1058.167"
"2026-10-06T18-06-29.107Z-0f11f3b4-af53-4d1e-83c3-716514f86187","445e8d32e27947abba2f1f9b528c4fe8d5400dbf","f88168694484a79866b51601cff0ea01b0eb558d6a6d360e8383f61cb5d5a2b9","condition.all-worst","4","3000","9","2370.097","2315.958","4432.945"
"2026-10-06T18-06-29.107Z-0f11f3b4-af53-4d1e-83c3-716514f86187","445e8d32e27947abba2f1f9b528c4fe8d5400dbf","f88168694484a79866b51601cff0ea01b0eb558d6a6d360e8383f61cb5d5a2b9","condition.any-early","4","3000","9","843.819","811.389","1332.125"
"2026-10-06T18-06-29.107Z-0f11f3b4-af53-4d1e-83c3-716514f86187","445e8d32e27947abba2f1f9b528c4fe8d5400dbf","f88168694484a79866b51601cff0ea01b0eb558d6a6d360e8383f61cb5d5a2b9","condition.any-worst","4","3000","9","2513.306","2455.764","2931.972"
"2026-10-06T18-06-29.107Z-0f11f3b4-af53-4d1e-83c3-716514f86187","445e8d32e27947abba2f1f9b528c4fe8d5400dbf","f88168694484a79866b51601cff0ea01b0eb558d6a6d360e8383f61cb5d5a2b9","condition.all-early","24","3000","9","732.000","710.375","811.778"
"2026-10-06T18-06-29.107Z-0f11f3b4-af53-4d1e-83c3-716514f86187","445e8d32e27947abba2f1f9b528c4fe8d5400dbf","f88168694484a79866b51601cff0ea01b0eb558d6a6d360e8383f61cb5d5a2b9","condition.all-worst","24","3000","9","13497.472","13222.208","16204.167"
"2026-10-06T18-06-29.107Z-0f11f3b4-af53-4d1e-83c3-716514f86187","445e8d32e27947abba2f1f9b528c4fe8d5400dbf","f88168694484a79866b51601cff0ea01b0eb558d6a6d360e8383f61cb5d5a2b9","condition.any-early","24","3000","9","850.097","816.680","936.930"
"2026-10-06T18-06-29.107Z-0f11f3b4-af53-4d1e-83c3-716514f86187","445e8d32e27947abba2f1f9b528c4fe8d5400dbf","f88168694484a79866b51601cff0ea01b0eb558d6a6d360e8383f61cb5d5a2b9","condition.any-worst","24","3000","9","13569.250","13370.667","15392.722"
"2026-10-06T18-06-29.107Z-0f11f3b4-af53-4d1e-83c3-716514f86187","445e8d32e27947abba2f1f9b528c4fe8d5400dbf","f88168694484a79866b51601cff0ea01b0eb558d6a6d360e8383f61cb5d5a2b9","condition.in-tail","8","3000","9","714.139","705.097","758.903"
"2026-10-06T18-06-29.107Z-0f11f3b4-af53-4d1e-83c3-716514f86187","445e8d32e27947abba2f1f9b528c4fe8d5400dbf","f88168694484a79866b51601cff0ea01b0eb558d6a6d360e8383f61cb5d5a2b9","condition.contains-tail","8","3000","9","837.889","816.139","1795.250"
"2026-10-06T18-06-29.107Z-0f11f3b4-af53-4d1e-83c3-716514f86187","445e8d32e27947abba2f1f9b528c4fe8d5400dbf","f88168694484a79866b51601cff0ea01b0eb558d6a6d360e8383f61cb5d5a2b9","condition.in-tail","32","3000","9","775.847","750.236","869.556"
"2026-10-06T18-06-29.107Z-0f11f3b4-af53-4d1e-83c3-716514f86187","445e8d32e27947abba2f1f9b528c4fe8d5400dbf","f88168694484a79866b51601cff0ea01b0eb558d6a6d360e8383f61cb5d5a2b9","condition.contains-tail","32","3000","9","864.570","855.931","894.208"
"2026-10-06T18-06-29.107Z-0f11f3b4-af53-4d1e-83c3-716514f86187","445e8d32e27947abba2f1f9b528c4fe8d5400dbf","f88168694484a79866b51601cff0ea01b0eb558d6a6d360e8383f61cb5d5a2b9","condition.in-tail","96","3000","9","952.417","925.764","1166.889"
"2026-10-06T18-06-29.107Z-0f11f3b4-af53-4d1e-83c3-716514f86187","445e8d32e27947abba2f1f9b528c4fe8d5400dbf","f88168694484a79866b51601cff0ea01b0eb558d6a6d360e8383f61cb5d5a2b9","condition.contains-tail","96","3000","9","993.431","967.430","1153.014"
"2026-10-06T18-06-29.107Z-0f11f3b4-af53-4d1e-83c3-716514f86187","445e8d32e27947abba2f1f9b528c4fe8d5400dbf","f88168694484a79866b51601cff0ea01b0eb558d6a6d360e8383f61cb5d5a2b9","condition.nested-all","2","3000","9","888.555","875.306","1025.930"
"2026-10-06T18-06-29.107Z-0f11f3b4-af53-4d1e-83c3-716514f86187","445e8d32e27947abba2f1f9b528c4fe8d5400dbf","f88168694484a79866b51601cff0ea01b0eb558d6a6d360e8383f61cb5d5a2b9","condition.nested-all","8","3000","9","1872.180","1850.556","2243.403"
"2026-10-06T18-06-29.107Z-0f11f3b4-af53-4d1e-83c3-716514f86187","445e8d32e27947abba2f1f9b528c4fe8d5400dbf","f88168694484a79866b51601cff0ea01b0eb558d6a6d360e8383f61cb5d5a2b9","route.hidden-branch","8","200","9","5478.545","5273.545","5915.420"
"2026-10-06T18-06-29.107Z-0f11f3b4-af53-4d1e-83c3-716514f86187","445e8d32e27947abba2f1f9b528c4fe8d5400dbf","f88168694484a79866b51601cff0ea01b0eb558d6a6d360e8383f61cb5d5a2b9","funnel.incomplete","8","200","9","4921.045","4760.420","6336.455"
"2026-10-06T18-06-29.107Z-0f11f3b4-af53-4d1e-83c3-716514f86187","445e8d32e27947abba2f1f9b528c4fe8d5400dbf","f88168694484a79866b51601cff0ea01b0eb558d6a6d360e8383f61cb5d5a2b9","route.hidden-branch","32","200","9","25084.790","24467.295","27498.750"
"2026-10-06T18-06-29.107Z-0f11f3b4-af53-4d1e-83c3-716514f86187","445e8d32e27947abba2f1f9b528c4fe8d5400dbf","f88168694484a79866b51601cff0ea01b0eb558d6a6d360e8383f61cb5d5a2b9","funnel.incomplete","32","200","9","24469.790","24070.210","36529.375"
"2026-10-06T18-06-29.107Z-0f11f3b4-af53-4d1e-83c3-716514f86187","445e8d32e27947abba2f1f9b528c4fe8d5400dbf","f88168694484a79866b51601cff0ea01b0eb558d6a6d360e8383f61cb5d5a2b9","route.hidden-branch","96","200","9","79584.375","78976.460","87163.125"
"2026-10-06T18-06-29.107Z-0f11f3b4-af53-4d1e-83c3-716514f86187","445e8d32e27947abba2f1f9b528c4fe8d5400dbf","f88168694484a79866b51601cff0ea01b0eb558d6a6d360e8383f61cb5d5a2b9","funnel.incomplete","96","200","9","75902.705","75238.545","79651.670"
"2026-10-06T18-06-29.107Z-0f11f3b4-af53-4d1e-83c3-716514f86187","445e8d32e27947abba2f1f9b528c4fe8d5400dbf","f88168694484a79866b51601cff0ea01b0eb558d6a6d360e8383f61cb5d5a2b9","result.last-rule","8","200","9","10161.875","9926.665","10496.250"
"2026-10-06T18-06-29.107Z-0f11f3b4-af53-4d1e-83c3-716514f86187","445e8d32e27947abba2f1f9b528c4fe8d5400dbf","f88168694484a79866b51601cff0ea01b0eb558d6a6d360e8383f61cb5d5a2b9","result.no-rule","8","200","9","10212.710","9994.375","10680.835"
"2026-10-06T18-06-29.107Z-0f11f3b4-af53-4d1e-83c3-716514f86187","445e8d32e27947abba2f1f9b528c4fe8d5400dbf","f88168694484a79866b51601cff0ea01b0eb558d6a6d360e8383f61cb5d5a2b9","result.last-rule","32","200","9","23682.710","23127.500","26167.915"
"2026-10-06T18-06-29.107Z-0f11f3b4-af53-4d1e-83c3-716514f86187","445e8d32e27947abba2f1f9b528c4fe8d5400dbf","f88168694484a79866b51601cff0ea01b0eb558d6a6d360e8383f61cb5d5a2b9","result.no-rule","32","200","9","23605.835","23161.875","24982.500"
"2026-10-06T18-06-29.107Z-0f11f3b4-af53-4d1e-83c3-716514f86187","445e8d32e27947abba2f1f9b528c4fe8d5400dbf","f88168694484a79866b51601cff0ea01b0eb558d6a6d360e8383f61cb5d5a2b9","result.last-rule","96","200","9","58541.875","58232.920","63545.415"
"2026-10-06T18-06-29.107Z-0f11f3b4-af53-4d1e-83c3-716514f86187","445e8d32e27947abba2f1f9b528c4fe8d5400dbf","f88168694484a79866b51601cff0ea01b0eb558d6a6d360e8383f61cb5d5a2b9","result.no-rule","96","200","9","58969.165","57663.330","61089.375"
"2026-10-06T18-06-29.107Z-0f11f3b4-af53-4d1e-83c3-716514f86187","445e8d32e27947abba2f1f9b528c4fe8d5400dbf","f88168694484a79866b51601cff0ea01b0eb558d6a6d360e8383f61cb5d5a2b9","historical.v1.A","9","200","9","11030.210","10770.000","11391.045"
"2026-10-06T18-06-29.107Z-0f11f3b4-af53-4d1e-83c3-716514f86187","445e8d32e27947abba2f1f9b528c4fe8d5400dbf","f88168694484a79866b51601cff0ea01b0eb558d6a6d360e8383f61cb5d5a2b9","historical.v1.B","9","200","9","12684.165","12315.210","13155.625"
"2026-10-06T18-06-29.107Z-0f11f3b4-af53-4d1e-83c3-716514f86187","445e8d32e27947abba2f1f9b528c4fe8d5400dbf","f88168694484a79866b51601cff0ea01b0eb558d6a6d360e8383f61cb5d5a2b9","historical.v2.A","10","200","9","12994.790","12652.080","13574.165"
"2026-10-06T18-06-29.107Z-0f11f3b4-af53-4d1e-83c3-716514f86187","445e8d32e27947abba2f1f9b528c4fe8d5400dbf","f88168694484a79866b51601cff0ea01b0eb558d6a6d360e8383f61cb5d5a2b9","historical.v2.B","10","200","9","14382.085","14175.210","16289.585"
"2026-10-06T18-06-29.107Z-0f11f3b4-af53-4d1e-83c3-716514f86187","445e8d32e27947abba2f1f9b528c4fe8d5400dbf","f88168694484a79866b51601cff0ea01b0eb558d6a6d360e8383f61cb5d5a2b9","historical.v3.A","11","200","9","14905.415","14642.290","19388.540"
"2026-10-06T18-06-29.107Z-0f11f3b4-af53-4d1e-83c3-716514f86187","445e8d32e27947abba2f1f9b528c4fe8d5400dbf","f88168694484a79866b51601cff0ea01b0eb558d6a6d360e8383f61cb5d5a2b9","historical.v3.B","11","200","9","15526.455","15246.875","16102.915"
"2026-10-06T18-06-29.107Z-0f11f3b4-af53-4d1e-83c3-716514f86187","445e8d32e27947abba2f1f9b528c4fe8d5400dbf","f88168694484a79866b51601cff0ea01b0eb558d6a6d360e8383f61cb5d5a2b9","answer.number-valid","1","3000","9","543.083","539.208","557.333"
"2026-10-06T18-06-29.107Z-0f11f3b4-af53-4d1e-83c3-716514f86187","445e8d32e27947abba2f1f9b528c4fe8d5400dbf","f88168694484a79866b51601cff0ea01b0eb558d6a6d360e8383f61cb5d5a2b9","answer.number-invalid","1","3000","9","573.514","548.889","651.542"
"2026-10-06T18-06-29.107Z-0f11f3b4-af53-4d1e-83c3-716514f86187","445e8d32e27947abba2f1f9b528c4fe8d5400dbf","f88168694484a79866b51601cff0ea01b0eb558d6a6d360e8383f61cb5d5a2b9","configuration.repeated-selection-references","96","200","9","617227.500","604410.835","649352.710"
"2026-10-06T18-07-05.127Z-fd782eff-be73-4e71-96a8-33b99ce03a38","445e8d32e27947abba2f1f9b528c4fe8d5400dbf","15fd4950c3c784c0f4ea3fef793a03b47fb7d5bd0161f7248825d5d28334597c","configuration.valid","8","200","9","99746.670","98909.375","100923.540"
"2026-10-06T18-07-05.127Z-fd782eff-be73-4e71-96a8-33b99ce03a38","445e8d32e27947abba2f1f9b528c4fe8d5400dbf","15fd4950c3c784c0f4ea3fef793a03b47fb7d5bd0161f7248825d5d28334597c","configuration.invalid-reference","8","200","9","99893.750","98843.960","124070.420"
"2026-10-06T18-07-05.127Z-fd782eff-be73-4e71-96a8-33b99ce03a38","445e8d32e27947abba2f1f9b528c4fe8d5400dbf","15fd4950c3c784c0f4ea3fef793a03b47fb7d5bd0161f7248825d5d28334597c","experiment.resolve","8","200","9","290.835","283.125","1816.250"
"2026-10-06T18-07-05.127Z-fd782eff-be73-4e71-96a8-33b99ce03a38","445e8d32e27947abba2f1f9b528c4fe8d5400dbf","15fd4950c3c784c0f4ea3fef793a03b47fb7d5bd0161f7248825d5d28334597c","route.resolve","8","200","9","5686.460","5475.205","8557.290"
"2026-10-06T18-07-05.127Z-fd782eff-be73-4e71-96a8-33b99ce03a38","445e8d32e27947abba2f1f9b528c4fe8d5400dbf","15fd4950c3c784c0f4ea3fef793a03b47fb7d5bd0161f7248825d5d28334597c","result.resolve","8","200","9","6331.460","6127.085","8645.625"
"2026-10-06T18-07-05.127Z-fd782eff-be73-4e71-96a8-33b99ce03a38","445e8d32e27947abba2f1f9b528c4fe8d5400dbf","15fd4950c3c784c0f4ea3fef793a03b47fb7d5bd0161f7248825d5d28334597c","funnel.evaluate","8","200","9","6265.830","6116.875","11194.375"
"2026-10-06T18-07-05.127Z-fd782eff-be73-4e71-96a8-33b99ce03a38","445e8d32e27947abba2f1f9b528c4fe8d5400dbf","15fd4950c3c784c0f4ea3fef793a03b47fb7d5bd0161f7248825d5d28334597c","route.next-tail","8","3000","9","23.069","22.903","59.208"
"2026-10-06T18-07-05.127Z-fd782eff-be73-4e71-96a8-33b99ce03a38","445e8d32e27947abba2f1f9b528c4fe8d5400dbf","15fd4950c3c784c0f4ea3fef793a03b47fb7d5bd0161f7248825d5d28334597c","route.previous-tail","8","3000","9","15.069","14.889","54.153"
"2026-10-06T18-07-05.127Z-fd782eff-be73-4e71-96a8-33b99ce03a38","445e8d32e27947abba2f1f9b528c4fe8d5400dbf","15fd4950c3c784c0f4ea3fef793a03b47fb7d5bd0161f7248825d5d28334597c","configuration.valid","32","200","9","251922.915","249435.835","257164.790"
"2026-10-06T18-07-05.127Z-fd782eff-be73-4e71-96a8-33b99ce03a38","445e8d32e27947abba2f1f9b528c4fe8d5400dbf","15fd4950c3c784c0f4ea3fef793a03b47fb7d5bd0161f7248825d5d28334597c","configuration.invalid-reference","32","200","9","252160.625","249593.960","264795.835"
"2026-10-06T18-07-05.127Z-fd782eff-be73-4e71-96a8-33b99ce03a38","445e8d32e27947abba2f1f9b528c4fe8d5400dbf","15fd4950c3c784c0f4ea3fef793a03b47fb7d5bd0161f7248825d5d28334597c","experiment.resolve","32","200","9","2859.165","2765.415","5006.250"
"2026-10-06T18-07-05.127Z-fd782eff-be73-4e71-96a8-33b99ce03a38","445e8d32e27947abba2f1f9b528c4fe8d5400dbf","15fd4950c3c784c0f4ea3fef793a03b47fb7d5bd0161f7248825d5d28334597c","route.resolve","32","200","9","24914.165","24365.625","25695.000"
"2026-10-06T18-07-05.127Z-fd782eff-be73-4e71-96a8-33b99ce03a38","445e8d32e27947abba2f1f9b528c4fe8d5400dbf","15fd4950c3c784c0f4ea3fef793a03b47fb7d5bd0161f7248825d5d28334597c","result.resolve","32","200","9","25605.415","25199.790","26850.210"
"2026-10-06T18-07-05.127Z-fd782eff-be73-4e71-96a8-33b99ce03a38","445e8d32e27947abba2f1f9b528c4fe8d5400dbf","15fd4950c3c784c0f4ea3fef793a03b47fb7d5bd0161f7248825d5d28334597c","funnel.evaluate","32","200","9","25571.665","25072.500","26027.290"
"2026-10-06T18-07-05.127Z-fd782eff-be73-4e71-96a8-33b99ce03a38","445e8d32e27947abba2f1f9b528c4fe8d5400dbf","15fd4950c3c784c0f4ea3fef793a03b47fb7d5bd0161f7248825d5d28334597c","route.next-tail","32","3000","9","70.833","68.528","193.903"
"2026-10-06T18-07-05.127Z-fd782eff-be73-4e71-96a8-33b99ce03a38","445e8d32e27947abba2f1f9b528c4fe8d5400dbf","15fd4950c3c784c0f4ea3fef793a03b47fb7d5bd0161f7248825d5d28334597c","route.previous-tail","32","3000","9","40.833","40.403","184.403"
"2026-10-06T18-07-05.127Z-fd782eff-be73-4e71-96a8-33b99ce03a38","445e8d32e27947abba2f1f9b528c4fe8d5400dbf","15fd4950c3c784c0f4ea3fef793a03b47fb7d5bd0161f7248825d5d28334597c","configuration.valid","96","200","9","651640.415","644862.500","668722.710"
"2026-10-06T18-07-05.127Z-fd782eff-be73-4e71-96a8-33b99ce03a38","445e8d32e27947abba2f1f9b528c4fe8d5400dbf","15fd4950c3c784c0f4ea3fef793a03b47fb7d5bd0161f7248825d5d28334597c","configuration.invalid-reference","96","200","9","653765.000","644979.375","672566.250"
"2026-10-06T18-07-05.127Z-fd782eff-be73-4e71-96a8-33b99ce03a38","445e8d32e27947abba2f1f9b528c4fe8d5400dbf","15fd4950c3c784c0f4ea3fef793a03b47fb7d5bd0161f7248825d5d28334597c","experiment.resolve","96","200","9","9309.375","9080.000","11545.205"
"2026-10-06T18-07-05.127Z-fd782eff-be73-4e71-96a8-33b99ce03a38","445e8d32e27947abba2f1f9b528c4fe8d5400dbf","15fd4950c3c784c0f4ea3fef793a03b47fb7d5bd0161f7248825d5d28334597c","route.resolve","96","200","9","78698.750","78065.625","88189.375"
"2026-10-06T18-07-05.127Z-fd782eff-be73-4e71-96a8-33b99ce03a38","445e8d32e27947abba2f1f9b528c4fe8d5400dbf","15fd4950c3c784c0f4ea3fef793a03b47fb7d5bd0161f7248825d5d28334597c","result.resolve","96","200","9","78725.210","78317.290","84223.540"
"2026-10-06T18-07-05.127Z-fd782eff-be73-4e71-96a8-33b99ce03a38","445e8d32e27947abba2f1f9b528c4fe8d5400dbf","15fd4950c3c784c0f4ea3fef793a03b47fb7d5bd0161f7248825d5d28334597c","funnel.evaluate","96","200","9","78813.125","77878.750","81846.045"
"2026-10-06T18-07-05.127Z-fd782eff-be73-4e71-96a8-33b99ce03a38","445e8d32e27947abba2f1f9b528c4fe8d5400dbf","15fd4950c3c784c0f4ea3fef793a03b47fb7d5bd0161f7248825d5d28334597c","route.next-tail","96","3000","9","248.208","243.945","538.195"
"2026-10-06T18-07-05.127Z-fd782eff-be73-4e71-96a8-33b99ce03a38","445e8d32e27947abba2f1f9b528c4fe8d5400dbf","15fd4950c3c784c0f4ea3fef793a03b47fb7d5bd0161f7248825d5d28334597c","route.previous-tail","96","3000","9","121.597","118.736","441.125"
"2026-10-06T18-07-05.127Z-fd782eff-be73-4e71-96a8-33b99ce03a38","445e8d32e27947abba2f1f9b528c4fe8d5400dbf","15fd4950c3c784c0f4ea3fef793a03b47fb7d5bd0161f7248825d5d28334597c","answer.single-valid-tail","8","3000","9","648.750","632.889","671.319"
"2026-10-06T18-07-05.127Z-fd782eff-be73-4e71-96a8-33b99ce03a38","445e8d32e27947abba2f1f9b528c4fe8d5400dbf","15fd4950c3c784c0f4ea3fef793a03b47fb7d5bd0161f7248825d5d28334597c","answer.single-invalid","8","3000","9","622.653","609.764","684.597"
"2026-10-06T18-07-05.127Z-fd782eff-be73-4e71-96a8-33b99ce03a38","445e8d32e27947abba2f1f9b528c4fe8d5400dbf","15fd4950c3c784c0f4ea3fef793a03b47fb7d5bd0161f7248825d5d28334597c","answer.multiple-valid","8","3000","9","987.597","978.347","1098.625"
"2026-10-06T18-07-05.127Z-fd782eff-be73-4e71-96a8-33b99ce03a38","445e8d32e27947abba2f1f9b528c4fe8d5400dbf","15fd4950c3c784c0f4ea3fef793a03b47fb7d5bd0161f7248825d5d28334597c","answer.multiple-oversized","8","3000","9","772.861","758.778","817.958"
"2026-10-06T18-07-05.127Z-fd782eff-be73-4e71-96a8-33b99ce03a38","445e8d32e27947abba2f1f9b528c4fe8d5400dbf","15fd4950c3c784c0f4ea3fef793a03b47fb7d5bd0161f7248825d5d28334597c","answer.multiple-invalid","8","3000","9","1018.472","1002.250","1094.417"
"2026-10-06T18-07-05.127Z-fd782eff-be73-4e71-96a8-33b99ce03a38","445e8d32e27947abba2f1f9b528c4fe8d5400dbf","15fd4950c3c784c0f4ea3fef793a03b47fb7d5bd0161f7248825d5d28334597c","answer.single-valid-tail","32","3000","9","684.181","654.889","779.833"
"2026-10-06T18-07-05.127Z-fd782eff-be73-4e71-96a8-33b99ce03a38","445e8d32e27947abba2f1f9b528c4fe8d5400dbf","15fd4950c3c784c0f4ea3fef793a03b47fb7d5bd0161f7248825d5d28334597c","answer.single-invalid","32","3000","9","651.597","632.680","684.875"
"2026-10-06T18-07-05.127Z-fd782eff-be73-4e71-96a8-33b99ce03a38","445e8d32e27947abba2f1f9b528c4fe8d5400dbf","15fd4950c3c784c0f4ea3fef793a03b47fb7d5bd0161f7248825d5d28334597c","answer.multiple-valid","32","3000","9","1858.125","1797.445","1998.069"
"2026-10-06T18-07-05.127Z-fd782eff-be73-4e71-96a8-33b99ce03a38","445e8d32e27947abba2f1f9b528c4fe8d5400dbf","15fd4950c3c784c0f4ea3fef793a03b47fb7d5bd0161f7248825d5d28334597c","answer.multiple-oversized","32","3000","9","780.583","756.375","807.319"
"2026-10-06T18-07-05.127Z-fd782eff-be73-4e71-96a8-33b99ce03a38","445e8d32e27947abba2f1f9b528c4fe8d5400dbf","15fd4950c3c784c0f4ea3fef793a03b47fb7d5bd0161f7248825d5d28334597c","answer.multiple-invalid","32","3000","9","1893.819","1828.333","2113.264"
"2026-10-06T18-07-05.127Z-fd782eff-be73-4e71-96a8-33b99ce03a38","445e8d32e27947abba2f1f9b528c4fe8d5400dbf","15fd4950c3c784c0f4ea3fef793a03b47fb7d5bd0161f7248825d5d28334597c","answer.single-valid-tail","96","3000","9","840.736","822.028","892.431"
"2026-10-06T18-07-05.127Z-fd782eff-be73-4e71-96a8-33b99ce03a38","445e8d32e27947abba2f1f9b528c4fe8d5400dbf","15fd4950c3c784c0f4ea3fef793a03b47fb7d5bd0161f7248825d5d28334597c","answer.single-invalid","96","3000","9","723.819","710.958","773.806"
"2026-10-06T18-07-05.127Z-fd782eff-be73-4e71-96a8-33b99ce03a38","445e8d32e27947abba2f1f9b528c4fe8d5400dbf","15fd4950c3c784c0f4ea3fef793a03b47fb7d5bd0161f7248825d5d28334597c","answer.multiple-valid","96","3000","9","4214.972","4179.333","4255.083"
"2026-10-06T18-07-05.127Z-fd782eff-be73-4e71-96a8-33b99ce03a38","445e8d32e27947abba2f1f9b528c4fe8d5400dbf","15fd4950c3c784c0f4ea3fef793a03b47fb7d5bd0161f7248825d5d28334597c","answer.multiple-oversized","96","3000","9","767.653","753.139","830.445"
"2026-10-06T18-07-05.127Z-fd782eff-be73-4e71-96a8-33b99ce03a38","445e8d32e27947abba2f1f9b528c4fe8d5400dbf","15fd4950c3c784c0f4ea3fef793a03b47fb7d5bd0161f7248825d5d28334597c","answer.multiple-invalid","96","3000","9","4325.931","4182.778","4340.236"
"2026-10-06T18-07-05.127Z-fd782eff-be73-4e71-96a8-33b99ce03a38","445e8d32e27947abba2f1f9b528c4fe8d5400dbf","15fd4950c3c784c0f4ea3fef793a03b47fb7d5bd0161f7248825d5d28334597c","condition.all-early","4","3000","9","730.833","710.417","746.056"
"2026-10-06T18-07-05.127Z-fd782eff-be73-4e71-96a8-33b99ce03a38","445e8d32e27947abba2f1f9b528c4fe8d5400dbf","15fd4950c3c784c0f4ea3fef793a03b47fb7d5bd0161f7248825d5d28334597c","condition.all-worst","4","3000","9","2399.694","2338.417","2461.903"
"2026-10-06T18-07-05.127Z-fd782eff-be73-4e71-96a8-33b99ce03a38","445e8d32e27947abba2f1f9b528c4fe8d5400dbf","15fd4950c3c784c0f4ea3fef793a03b47fb7d5bd0161f7248825d5d28334597c","condition.any-early","4","3000","9","836.306","816.167","887.195"
"2026-10-06T18-07-05.127Z-fd782eff-be73-4e71-96a8-33b99ce03a38","445e8d32e27947abba2f1f9b528c4fe8d5400dbf","15fd4950c3c784c0f4ea3fef793a03b47fb7d5bd0161f7248825d5d28334597c","condition.any-worst","4","3000","9","2499.695","2456.875","2548.195"
"2026-10-06T18-07-05.127Z-fd782eff-be73-4e71-96a8-33b99ce03a38","445e8d32e27947abba2f1f9b528c4fe8d5400dbf","15fd4950c3c784c0f4ea3fef793a03b47fb7d5bd0161f7248825d5d28334597c","condition.all-early","24","3000","9","721.708","705.930","752.694"
"2026-10-06T18-07-05.127Z-fd782eff-be73-4e71-96a8-33b99ce03a38","445e8d32e27947abba2f1f9b528c4fe8d5400dbf","15fd4950c3c784c0f4ea3fef793a03b47fb7d5bd0161f7248825d5d28334597c","condition.all-worst","24","3000","9","13304.000","13196.486","13762.806"
"2026-10-06T18-07-05.127Z-fd782eff-be73-4e71-96a8-33b99ce03a38","445e8d32e27947abba2f1f9b528c4fe8d5400dbf","15fd4950c3c784c0f4ea3fef793a03b47fb7d5bd0161f7248825d5d28334597c","condition.any-early","24","3000","9","839.806","806.320","864.903"
"2026-10-06T18-07-05.127Z-fd782eff-be73-4e71-96a8-33b99ce03a38","445e8d32e27947abba2f1f9b528c4fe8d5400dbf","15fd4950c3c784c0f4ea3fef793a03b47fb7d5bd0161f7248825d5d28334597c","condition.any-worst","24","3000","9","13344.194","13274.583","13678.056"
"2026-10-06T18-07-05.127Z-fd782eff-be73-4e71-96a8-33b99ce03a38","445e8d32e27947abba2f1f9b528c4fe8d5400dbf","15fd4950c3c784c0f4ea3fef793a03b47fb7d5bd0161f7248825d5d28334597c","condition.in-tail","8","3000","9","712.986","700.194","760.722"
"2026-10-06T18-07-05.127Z-fd782eff-be73-4e71-96a8-33b99ce03a38","445e8d32e27947abba2f1f9b528c4fe8d5400dbf","15fd4950c3c784c0f4ea3fef793a03b47fb7d5bd0161f7248825d5d28334597c","condition.contains-tail","8","3000","9","827.028","814.333","886.042"
"2026-10-06T18-07-05.127Z-fd782eff-be73-4e71-96a8-33b99ce03a38","445e8d32e27947abba2f1f9b528c4fe8d5400dbf","15fd4950c3c784c0f4ea3fef793a03b47fb7d5bd0161f7248825d5d28334597c","condition.in-tail","32","3000","9","751.042","738.208","883.417"
"2026-10-06T18-07-05.127Z-fd782eff-be73-4e71-96a8-33b99ce03a38","445e8d32e27947abba2f1f9b528c4fe8d5400dbf","15fd4950c3c784c0f4ea3fef793a03b47fb7d5bd0161f7248825d5d28334597c","condition.contains-tail","32","3000","9","861.153","844.292","872.972"
"2026-10-06T18-07-05.127Z-fd782eff-be73-4e71-96a8-33b99ce03a38","445e8d32e27947abba2f1f9b528c4fe8d5400dbf","15fd4950c3c784c0f4ea3fef793a03b47fb7d5bd0161f7248825d5d28334597c","condition.in-tail","96","3000","9","939.528","915.972","1182.583"
"2026-10-06T18-07-05.127Z-fd782eff-be73-4e71-96a8-33b99ce03a38","445e8d32e27947abba2f1f9b528c4fe8d5400dbf","15fd4950c3c784c0f4ea3fef793a03b47fb7d5bd0161f7248825d5d28334597c","condition.contains-tail","96","3000","9","986.083","948.097","1117.611"
"2026-10-06T18-07-05.127Z-fd782eff-be73-4e71-96a8-33b99ce03a38","445e8d32e27947abba2f1f9b528c4fe8d5400dbf","15fd4950c3c784c0f4ea3fef793a03b47fb7d5bd0161f7248825d5d28334597c","condition.nested-all","2","3000","9","883.958","862.111","932.264"
"2026-10-06T18-07-05.127Z-fd782eff-be73-4e71-96a8-33b99ce03a38","445e8d32e27947abba2f1f9b528c4fe8d5400dbf","15fd4950c3c784c0f4ea3fef793a03b47fb7d5bd0161f7248825d5d28334597c","condition.nested-all","8","3000","9","1878.847","1839.542","1944.917"
"2026-10-06T18-07-05.127Z-fd782eff-be73-4e71-96a8-33b99ce03a38","445e8d32e27947abba2f1f9b528c4fe8d5400dbf","15fd4950c3c784c0f4ea3fef793a03b47fb7d5bd0161f7248825d5d28334597c","route.hidden-branch","8","200","9","5355.420","5283.125","5581.670"
"2026-10-06T18-07-05.127Z-fd782eff-be73-4e71-96a8-33b99ce03a38","445e8d32e27947abba2f1f9b528c4fe8d5400dbf","15fd4950c3c784c0f4ea3fef793a03b47fb7d5bd0161f7248825d5d28334597c","funnel.incomplete","8","200","9","4925.415","4780.210","5306.250"
"2026-10-06T18-07-05.127Z-fd782eff-be73-4e71-96a8-33b99ce03a38","445e8d32e27947abba2f1f9b528c4fe8d5400dbf","15fd4950c3c784c0f4ea3fef793a03b47fb7d5bd0161f7248825d5d28334597c","route.hidden-branch","32","200","9","24559.795","24413.125","25276.040"
"2026-10-06T18-07-05.127Z-fd782eff-be73-4e71-96a8-33b99ce03a38","445e8d32e27947abba2f1f9b528c4fe8d5400dbf","15fd4950c3c784c0f4ea3fef793a03b47fb7d5bd0161f7248825d5d28334597c","funnel.incomplete","32","200","9","24466.875","24155.835","25118.335"
"2026-10-06T18-07-05.127Z-fd782eff-be73-4e71-96a8-33b99ce03a38","445e8d32e27947abba2f1f9b528c4fe8d5400dbf","15fd4950c3c784c0f4ea3fef793a03b47fb7d5bd0161f7248825d5d28334597c","route.hidden-branch","96","200","9","79754.585","78498.125","80298.750"
"2026-10-06T18-07-05.127Z-fd782eff-be73-4e71-96a8-33b99ce03a38","445e8d32e27947abba2f1f9b528c4fe8d5400dbf","15fd4950c3c784c0f4ea3fef793a03b47fb7d5bd0161f7248825d5d28334597c","funnel.incomplete","96","200","9","77374.375","76682.710","77937.920"
"2026-10-06T18-07-05.127Z-fd782eff-be73-4e71-96a8-33b99ce03a38","445e8d32e27947abba2f1f9b528c4fe8d5400dbf","15fd4950c3c784c0f4ea3fef793a03b47fb7d5bd0161f7248825d5d28334597c","result.last-rule","8","200","9","10227.500","9999.580","10641.040"
"2026-10-06T18-07-05.127Z-fd782eff-be73-4e71-96a8-33b99ce03a38","445e8d32e27947abba2f1f9b528c4fe8d5400dbf","15fd4950c3c784c0f4ea3fef793a03b47fb7d5bd0161f7248825d5d28334597c","result.no-rule","8","200","9","10161.460","10098.545","10703.545"
"2026-10-06T18-07-05.127Z-fd782eff-be73-4e71-96a8-33b99ce03a38","445e8d32e27947abba2f1f9b528c4fe8d5400dbf","15fd4950c3c784c0f4ea3fef793a03b47fb7d5bd0161f7248825d5d28334597c","result.last-rule","32","200","9","23299.170","23113.545","23935.415"
"2026-10-06T18-07-05.127Z-fd782eff-be73-4e71-96a8-33b99ce03a38","445e8d32e27947abba2f1f9b528c4fe8d5400dbf","15fd4950c3c784c0f4ea3fef793a03b47fb7d5bd0161f7248825d5d28334597c","result.no-rule","32","200","9","23465.625","23052.710","24719.580"
"2026-10-06T18-07-05.127Z-fd782eff-be73-4e71-96a8-33b99ce03a38","445e8d32e27947abba2f1f9b528c4fe8d5400dbf","15fd4950c3c784c0f4ea3fef793a03b47fb7d5bd0161f7248825d5d28334597c","result.last-rule","96","200","9","58568.960","57869.170","59682.080"
"2026-10-06T18-07-05.127Z-fd782eff-be73-4e71-96a8-33b99ce03a38","445e8d32e27947abba2f1f9b528c4fe8d5400dbf","15fd4950c3c784c0f4ea3fef793a03b47fb7d5bd0161f7248825d5d28334597c","result.no-rule","96","200","9","58162.915","58023.335","59672.710"
"2026-10-06T18-07-05.127Z-fd782eff-be73-4e71-96a8-33b99ce03a38","445e8d32e27947abba2f1f9b528c4fe8d5400dbf","15fd4950c3c784c0f4ea3fef793a03b47fb7d5bd0161f7248825d5d28334597c","historical.v1.A","9","200","9","10898.960","10725.415","11280.000"
"2026-10-06T18-07-05.127Z-fd782eff-be73-4e71-96a8-33b99ce03a38","445e8d32e27947abba2f1f9b528c4fe8d5400dbf","15fd4950c3c784c0f4ea3fef793a03b47fb7d5bd0161f7248825d5d28334597c","historical.v1.B","9","200","9","12574.375","12096.250","12920.835"
"2026-10-06T18-07-05.127Z-fd782eff-be73-4e71-96a8-33b99ce03a38","445e8d32e27947abba2f1f9b528c4fe8d5400dbf","15fd4950c3c784c0f4ea3fef793a03b47fb7d5bd0161f7248825d5d28334597c","historical.v2.A","10","200","9","12960.625","12753.125","13311.250"
"2026-10-06T18-07-05.127Z-fd782eff-be73-4e71-96a8-33b99ce03a38","445e8d32e27947abba2f1f9b528c4fe8d5400dbf","15fd4950c3c784c0f4ea3fef793a03b47fb7d5bd0161f7248825d5d28334597c","historical.v2.B","10","200","9","14451.875","14143.545","14851.040"
"2026-10-06T18-07-05.127Z-fd782eff-be73-4e71-96a8-33b99ce03a38","445e8d32e27947abba2f1f9b528c4fe8d5400dbf","15fd4950c3c784c0f4ea3fef793a03b47fb7d5bd0161f7248825d5d28334597c","historical.v3.A","11","200","9","14745.210","14626.460","15008.335"
"2026-10-06T18-07-05.127Z-fd782eff-be73-4e71-96a8-33b99ce03a38","445e8d32e27947abba2f1f9b528c4fe8d5400dbf","15fd4950c3c784c0f4ea3fef793a03b47fb7d5bd0161f7248825d5d28334597c","historical.v3.B","11","200","9","15392.710","14985.210","16083.540"
"2026-10-06T18-07-05.127Z-fd782eff-be73-4e71-96a8-33b99ce03a38","445e8d32e27947abba2f1f9b528c4fe8d5400dbf","15fd4950c3c784c0f4ea3fef793a03b47fb7d5bd0161f7248825d5d28334597c","answer.number-valid","1","3000","9","546.417","533.486","577.639"
"2026-10-06T18-07-05.127Z-fd782eff-be73-4e71-96a8-33b99ce03a38","445e8d32e27947abba2f1f9b528c4fe8d5400dbf","15fd4950c3c784c0f4ea3fef793a03b47fb7d5bd0161f7248825d5d28334597c","answer.number-invalid","1","3000","9","564.556","558.083","647.486"
"2026-10-06T18-07-05.127Z-fd782eff-be73-4e71-96a8-33b99ce03a38","445e8d32e27947abba2f1f9b528c4fe8d5400dbf","15fd4950c3c784c0f4ea3fef793a03b47fb7d5bd0161f7248825d5d28334597c","configuration.repeated-selection-references","96","200","9","451468.750","450438.750","471759.580"
